employee_id,no_of_trainings,age,previous_year_rating,length_of_service,awards_won?,avg_training_score,is_promoted,training_impact
54808.0,54808.0,54808.0,50684.0,54808.0,54808.0,54808.0,54808.0,54808.0
39195.83062691578,1.253010509414684,34.80391548679025,3.329255780917055,5.865512333965844,0.023171799737264635,63.38675010947307,0.08517004816815063,79.77063567362428
22586.581449145087,0.6092640176487825,7.660169201585491,1.2599925519408424,4.265094179685835,0.15045025897775127,13.371559498625553,0.279137121695472,43.87913517675531
1.0,1.0,20.0,1.0,1.0,0.0,39.0,0.0,39.0
19669.75,1.0,29.0,3.0,3.0,0.0,51.0,0.0,53.0
39225.5,1.0,33.0,3.0,5.0,0.0,60.0,0.0,64.0
58730.5,1.0,39.0,4.0,7.0,0.0,76.0,0.0,84.0
78298.0,10.0,60.0,5.0,37.0,1.0,99.0,1.0,710.0
