,Mean,Mode,Median,Min,Max
employee_id,39195.83062691578,1.0,39225.5,1.0,78298.0
no_of_trainings,1.253010509414684,1.0,1.0,1.0,10.0
age,34.80391548679025,30.0,33.0,20.0,60.0
previous_year_rating,3.329255780917055,3.0,3.0,1.0,5.0
length_of_service,5.865512333965844,3.0,5.0,1.0,37.0
awards_won?,0.023171799737264635,0.0,0.0,0.0,1.0
avg_training_score,63.38675010947307,50.0,60.0,39.0,99.0
is_promoted,0.08517004816815063,0.0,0.0,0.0,1.0
training_impact,79.77063567362428,50.0,64.0,39.0,710.0
